,Dataset,Algorithm,Param No.,Corruption,Non-adapted,Adapted
0,ReefSet,Hybrid,195617044,WHN-L1,0.7750857146497341,0.8852026705899063
1,ReefSet,Hybrid,195617044,WHN-L2,0.7610268240885616,0.8549723097745023
