,Dataset,Algorithm,Param No.,Corruption,Non-adapted,Adapted,Improved
0,UrbanSound8K,HuBERT,111351818,WHN-L1,0.6200776038551996,0.6746018815964583,0.054524277741258675
1,UrbanSound8K,HuBERT,111351818,WHN-L2,0.6129884036238453,0.6782287858590248,0.06524038223517947
2,UrbanSound8K,HuBERT,111351818,ENSC-L1,0.5068398167339327,0.631244395705969,0.12440457897203627
3,UrbanSound8K,HuBERT,111351818,ENSC-L2,0.5246455282247455,0.6065738083461288,0.08192828012138331
4,UrbanSound8K,HuBERT,111351818,PSH-L1,0.6511681079385166,0.6727700380932152,0.02160193015469858
5,UrbanSound8K,HuBERT,111351818,PSH-L2,0.6067175319879593,0.6518011066818173,0.04508357469385804
6,UrbanSound8K,HuBERT,111351818,TST-L1,0.4374968489496619,0.6649911791365668,0.2274943301869049
7,UrbanSound8K,HuBERT,111351818,TST-L2,0.4390147888174919,0.6325039123335399,0.19348912351604797
