,Dataset,Algorithm,Param No.,Corruption,Non-adapted,Adapted,Improved
0,UrbanSound8K,HuBERT,111351818,WHN-L1,0.6200776038551996,0.6755634871651031,0.05548588330990345
1,UrbanSound8K,HuBERT,111351818,WHN-L2,0.6129884036238453,0.6791791368826586,0.0661907332588133
2,UrbanSound8K,HuBERT,111351818,ENSC-L1,0.5071671546947749,0.6306184357668358,0.12345128107206094
3,UrbanSound8K,HuBERT,111351818,ENSC-L2,0.5246455282247455,0.6071557680261109,0.0825102398013654
4,UrbanSound8K,HuBERT,111351818,PSH-L1,0.6511681079385166,0.6728904150062893,0.021722307067772673
5,UrbanSound8K,HuBERT,111351818,PSH-L2,0.6067175319879593,0.6605054392773642,0.05378790728940486
6,UrbanSound8K,HuBERT,111351818,TST-L1,0.4374968489496619,0.6617303265832926,0.22423347763363066
7,UrbanSound8K,HuBERT,111351818,TST-L2,0.4390147888174919,0.6536520622725478,0.2146372734550559
