,Dataset,Algorithm,Param No.,Corruption,Non-adapted,Adapted
0,UrbanSound8K,HuBERT,111351818,WHN-L2,0.6129884036238453,0.6782287858590248
1,UrbanSound8K,HuBERT,111351818,ENSC-L2,0.5246455282247455,0.6065738083461288
2,UrbanSound8K,HuBERT,111351818,PSH-L2,0.6067175319879593,0.6518011066818173
3,UrbanSound8K,HuBERT,111351818,TST-L2,0.4390147888174919,0.6322264610965893
