,Dataset,Algorithm,Param No.,Corruption,Non-adapted,Adapted,Improved
0,UrbanSound8K,AMAuT,99080852,WHN-L1,0.6044526905130494,0.7219561079355035,0.11750341742245407
1,UrbanSound8K,AMAuT,99080852,WHN-L2,0.6111401685942983,0.7095152269525073,0.09837505835820903
2,UrbanSound8K,AMAuT,99080852,ENSC-L1,0.5348702193417478,0.7103589066017565,0.17548868726000866
3,UrbanSound8K,AMAuT,99080852,ENSC-L2,0.553752696511147,0.7018144186312567,0.1480617221201097
4,UrbanSound8K,AMAuT,99080852,PSH-L1,0.6035467714940542,0.6352828022676712,0.031736030773616974
5,UrbanSound8K,AMAuT,99080852,PSH-L2,0.5549280090277008,0.5868922271954485,0.03196421816774775
6,UrbanSound8K,AMAuT,99080852,TST-L1,0.5182993253588293,0.7044957324904536,0.18619640713162433
7,UrbanSound8K,AMAuT,99080852,TST-L2,0.5179962477302702,0.710601817587713,0.19260556985744282
