,Dataset,Algorithm,Param No.,Corruption,Non-adapted,Adapted,Improved
0,UrbanSound8K,AMAuT,99080852,WHN-L1,0.6044526905130494,0.7231014642156948,0.11864877370264537
1,UrbanSound8K,AMAuT,99080852,WHN-L2,0.6114187540872,0.7092769995041343,0.09785824541693422
2,UrbanSound8K,AMAuT,99080852,ENSC-L1,0.5348702193417478,0.7137151619177071,0.1788449425759593
3,UrbanSound8K,AMAuT,99080852,ENSC-L2,0.553752696511147,0.7035904142568261,0.1498377177456791
4,UrbanSound8K,AMAuT,99080852,PSH-L1,0.6038706138449614,0.6391728445605962,0.035302230715634764
5,UrbanSound8K,AMAuT,99080852,PSH-L2,0.5549546805146192,0.5866057138133453,0.031651033298726095
6,UrbanSound8K,AMAuT,99080852,TST-L1,0.5182993253588293,0.7077903189092278,0.18949099355039856
7,UrbanSound8K,AMAuT,99080852,TST-L2,0.5179962477302702,0.712502708725798,0.19450646099552782
