,Dataset,Algorithm,Param No.,Corruption,Non-adapted,Adapted,Improved
0,UrbanSound8K,AMAuT,99080852,WHN-L1,0.6044526905130494,0.7223813396726665,0.1179286491596171
1,UrbanSound8K,AMAuT,99080852,WHN-L2,0.6111401685942983,0.7100728670325412,0.09893269843824293
2,UrbanSound8K,AMAuT,99080852,ENSC-L1,0.5348702193417478,0.710670009837782,0.17579979049603411
3,UrbanSound8K,AMAuT,99080852,ENSC-L2,0.5540427162125808,0.7038420707326318,0.149799354520051
4,UrbanSound8K,AMAuT,99080852,PSH-L1,0.6035774494226037,0.6388081258763161,0.03523067645371236
5,UrbanSound8K,AMAuT,99080852,PSH-L2,0.5549546805146192,0.5861445458442283,0.0311898653296091
6,UrbanSound8K,AMAuT,99080852,TST-L1,0.5182993253588293,0.7080992300523813,0.189799904693552
7,UrbanSound8K,AMAuT,99080852,TST-L2,0.5179962477302702,0.7155026666968407,0.1975064189665705
