,Dataset,Algorithm,Param No.,Corruption,Non-adapted,Adapted
0,ReefSet,HuBERT,96480458,WHN-L2,0.7066211985645499,0.7766943350507038
1,ReefSet,HuBERT,96480458,ENQ-L2,0.6566352490230807,0.7166449019040684
2,ReefSet,HuBERT,96480458,END1-L2,0.8016466482050092,0.8128214764387326
3,ReefSet,HuBERT,96480458,END2-L2,0.7275526991265181,0.7677557959216539
4,ReefSet,HuBERT,96480458,ENSC-L2,0.6686622392470818,0.7202700532489923
5,ReefSet,HuBERT,96480458,PSH-L2,0.8439793753736954,0.8713018687490344
6,ReefSet,HuBERT,96480458,TST-L2,0.7516266276701242,0.869914155875301
