,Dataset,Algorithm,Param No.,Corruption,Non-adapted,Adapted
0,ReefSet,HuBERT,96480458,WHN-L2,0.7103878784991476,0.7745667855730957
1,ReefSet,HuBERT,96480458,ENQ-L2,0.6658409295821539,0.7214810695734186
2,ReefSet,HuBERT,96480458,END1-L2,0.8085232074693497,0.8156070440826216
3,ReefSet,HuBERT,96480458,END2-L2,0.7327907709042941,0.7703279385005468
4,ReefSet,HuBERT,96480458,ENSC-L2,0.6681649345577721,0.721571528864327
5,ReefSet,HuBERT,96480458,PSH-L2,0.8419030179240994,0.8771717930506511
6,ReefSet,HuBERT,96480458,TST-L2,0.7572060104266201,0.8652949471946474
