,Dataset,Algorithm,Param No.,Corruption,Non-adapted,Adapted
0,ReefSet,HuBERT,96480458,WHN-L2,0.7103876082314816,0.7745657872461033
1,ReefSet,HuBERT,96480458,ENQ-L2,0.6658404868079375,0.7214816644553523
2,ReefSet,HuBERT,96480458,END1-L2,0.8085230226734472,0.8156069847515874
3,ReefSet,HuBERT,96480458,END2-L2,0.7327907386153631,0.7703285432862962
4,ReefSet,HuBERT,96480458,ENSC-L2,0.6773066783430997,0.7191790620501519
5,ReefSet,HuBERT,96480458,PSH-L2,0.8419027414568809,0.8771718671084952
6,ReefSet,HuBERT,96480458,TST-L2,0.7572079546691521,0.8652940625722428
