,Dataset,Algorithm,Param No.,Corruption,Non-adapted,Adapted
0,ReefSet,HuBERT,96480458,WHN-L2,0.7103879831181228,0.7745667855730957
1,ReefSet,HuBERT,96480458,ENQ-L2,0.6658408243490151,0.7214811234183149
2,ReefSet,HuBERT,96480458,END1-L2,0.808523209665618,0.8156070301556296
3,ReefSet,HuBERT,96480458,END2-L2,0.7327907209899248,0.7703279385005468
4,ReefSet,HuBERT,96480458,ENSC-L2,0.6681649379823674,0.721571528864327
5,ReefSet,HuBERT,96480458,PSH-L2,0.8419030172584661,0.8771717930506511
6,ReefSet,HuBERT,96480458,TST-L2,0.7571763996259941,0.8656820009398858
