,index,Dataset,Algorithm,Param No.,No-adapted,Adapted
0,0,SC2,AST,85395491,94.21172194457064,94.5388459791004
1,1,SC2,AST,85395491,94.44797819173102,94.57519309404816
2,2,SC2,AST,85395491,94.45706497046797,94.58427987278509
3,Mean,SC2,AST,85395491,94.37225503558989,94.56610631531122
