,Dataset,Algorithm,Param No.,Adapted,Accuracy,Error-rate
0,SC2,AST,85395491,No,95.38391640163562,4.6160835983643835
1,SC2,AST,85395491,Yes,95.60199909132213,4.398000908677872
