,Dataset,Algorithm,Param No.,Adapted,Accuracy,Error-rate
0,SC2,AST,85395491,No,95.1385733757383,4.861426624261696
1,SC2,AST,85395491,Yes,95.20218082689686,4.797819173103136
