,Dataset,Algorithm,Param No.,Corruption,Non-adapted,Adapted
0,UrbanSound8K,210432670,Hybrid,WHN-L1,0.6694238429171719,0.7380878282495505
1,UrbanSound8K,210432670,Hybrid,WHN-L2,0.6611339282968409,0.7353023822587453
2,UrbanSound8K,210432670,Hybrid,ENSC-L1,0.6254005270437664,0.7347644163772978
3,UrbanSound8K,210432670,Hybrid,ENSC-L2,0.6138127940890827,0.7196625693150821
4,UrbanSound8K,210432670,Hybrid,PSH-L1,0.6576772115378415,0.6792594754681438
5,UrbanSound8K,210432670,Hybrid,PSH-L2,0.6324341904949129,0.6712462510550454
6,UrbanSound8K,210432670,Hybrid,TST-L1,0.526802668778225,0.7176968545810137
7,UrbanSound8K,210432670,Hybrid,TST-L2,0.5267213563938411,0.717835184551722
