,dataset,module,param_num,corruption_type,corruption_level,adaptation,accuracy,error_rate
0,SpeechCommandsV2,HuBERT,96479942,,,,97.60109041344843,2.398909586551568
1,SpeechCommandsV2,HuBERT,96479942,doing_the_dishes,3.0,,84.07996365288504,15.920036347114959
2,SpeechCommandsV2,HuBERT,96479942,exercise_bike,3.0,,82.91685597455702,17.083144025442976
3,SpeechCommandsV2,HuBERT,96479942,running_tap,3.0,,86.06088141753749,13.939118582462513
4,SpeechCommandsV2,HuBERT,96479942,VocalSound,3.0,,82.88959563834621,17.110404361653792
5,SpeechCommandsV2,HuBERT,96479942,CochlScene,3.0,,91.89459336665152,8.10540663334848
