,idx,Dataset,Alg.,Param No.,Crpt-type,Crpt-level,No-adpt-accu,Adpt-accu
0,0,SpeechCommandsV2,HuBERT,96479942,END1,L1,95.60199909132213,95.86551567469333
1,1,SpeechCommandsV2,HuBERT,96479942,END1,L1,95.620172648796,96.01090413448432
2,2,SpeechCommandsV2,HuBERT,96479942,END1,L1,95.40208995910949,95.84734211721944
3,TTL,SpeechCommandsV2,HuBERT,96479942,END1,L1,95.54142056640922,95.90792064213237
