,Dataset,Algorithm,Param No.,Corruption,Non-adapted,Adapted
0,SpeechCommandsV2,HuBERT,96479942,WHN-L2,0.9320308950477056,0.9485688323489323
1,SpeechCommandsV2,HuBERT,96479942,ENQ-L2,0.942480690595184,0.949477510222626
2,SpeechCommandsV2,HuBERT,96479942,END1-L2,0.9628350749659246,0.9646524307133121
3,SpeechCommandsV2,HuBERT,96479942,END2-L2,0.9586551567469332,0.9634711494775102
4,SpeechCommandsV2,HuBERT,96479942,ENSC-L2,0.9229441163107678,0.9368468877782826
5,SpeechCommandsV2,HuBERT,96479942,PSH-L2,0.698682417083144,0.9078600636074512
6,SpeechCommandsV2,HuBERT,96479942,TST-L2,0.9405724670604271,0.9679236710586098
