,dataset,module,param_num,corruption_type,corruption_level,adaptation,accuracy,error_rate
0,SpeechCommandsV2,AuT,103072070,,,,95.55656519763744,4.44343480236256
1,SpeechCommandsV2,AuT,103072070,doing_the_dishes,3.0,,72.19445706497046,27.805542935029536
2,SpeechCommandsV2,AuT,103072070,exercise_bike,3.0,,77.62835074965925,22.371649250340752
3,SpeechCommandsV2,AuT,103072070,running_tap,3.0,,80.95411176737846,19.045888232621536
4,SpeechCommandsV2,AuT,103072070,VocalSound,3.0,,76.59245797364834,23.407542026351663
5,SpeechCommandsV2,AuT,103072070,CochlScene,3.0,,87.16038164470696,12.839618355293041
